model,mode,param,stretch,I1,I2,I3,J,W,P11,P22,P33,sigma11,sigma22,sigma33
arruda_boyce,uniaxial,1.0,1.0,3.0,3.0,1.0,1.0,0.0,1.0314914711502785,1.0314914711502785,1.0314914711502785,1.0314914711502785,1.0314914711502785,1.0314914711502785
arruda_boyce,uniaxial,1.0303030303030303,1.0303030303030303,3.0027008048398427,3.0026475830974113,1.0000000000000004,1.0000000000000002,0.0013929486777478318,1.0627794583522008,1.016238597997127,1.016238597997127,1.0949848964840854,1.001182379018641,1.001182379018641
arruda_boyce,uniaxial,1.0606060606060606,1.0606060606060606,3.010599501508592,3.0101917130488545,0.9999999999999998,0.9999999999999999,0.005466957299229787,1.0941300284960946,1.0017002467150589,1.0017002467150589,1.16044093931404,0.9726592661487715,0.9726592661487715
arruda_boyce,uniaxial,1.0909090909090908,1.0909090909090908,3.0234159779614322,3.0220959595959593,0.9999999999999998,0.9999999999999999,0.0120782019447846,1.1255450702049599,0.9878250811144251,0.9878250811144251,1.2278673493145018,0.9457705103805544,0.9457705103805544
arruda_boyce,uniaxial,1.121212121212121,1.121212121212121,3.0409004045367682,3.0378953892467404,1.0000000000000004,1.0000000000000002,0.02109882056861181,1.1570265031140656,0.9745668412697907,0.9745668412697907,1.297272139855164,0.9203811993361705,0.9203811993361705
arruda_boyce,uniaxial,1.1515151515151516,1.1515151515151516,3.06282924943212,3.0571854276840416,1.0000000000000002,1.0,0.03241480181097631,1.1885762770656985,0.9618837165802019,0.9618837165802019,1.3686635917726226,0.8963708903909594,0.8963708903909594
arruda_boyce,uniaxial,1.1818181818181819,1.1818181818181819,3.0890019071837256,3.0796126949973104,1.0,1.0,0.04592420170331503,1.2201963715596291,0.9497378109932489,0.9497378109932489,1.4420502572977436,0.8736317216492019,0.8736317216492019
arruda_boyce,uniaxial,1.2121212121212122,1.2121212121212122,3.1192378328741963,3.104867424242424,1.0,1.0,0.06153563037167601,1.2518887954164675,0.938094684796504,0.938094684796504,1.5174409641411728,0.852066811380333,0.852066811380333
arruda_boyce,uniaxial,1.2424242424242424,1.2424242424242424,3.1533740957244287,3.132677158257171,1.0000000000000002,1.0,0.07916696224082453,1.283655586619919,0.9269229603484597,0.9269229603484597,1.5948448197398994,0.83158889579363,0.83158889579363
arruda_boyce,uniaxial,1.2727272727272727,1.2727272727272727,3.1912632821723728,3.1628014842300547,0.9999999999999999,0.9999999999999999,0.09874423217469272,1.3154988123105806,0.9161939814647537,0.9161939814647537,1.6742712156680122,0.8121191647427566,0.8121191647427566
arruda_boyce,uniaxial,1.303030303030303,1.303030303030303,3.2327716915454756,3.1950276152547645,0.9999999999999998,0.9999999999999999,0.1202006870365518,1.347420568909316,0.9058815180382684,0.9058815180382684,1.7557298322151695,0.7935862625972123,0.7935862625972123
arruda_boyce,uniaxial,1.3333333333333335,1.3333333333333335,3.2777777777777772,3.229166666666665,0.9999999999999993,0.9999999999999997,0.14347596774640467,1.379422982352458,0.8959615089609765,0.8959615089609765,1.8392306431366117,0.7759254275732448,0.7759254275732448
arruda_boyce,uniaxial,1.3636363636363638,1.3636363636363638,3.326170798898072,3.265050505050506,1.0000000000000002,1.0,0.16851540137939772,1.4115082084246064,0.8864118376133449,0.8864118376133449,1.924783920579009,0.7590777476416908,0.7590777476416908
arruda_boyce,uniaxial,1.393939393939394,1.393939393939394,3.3778496426717775,3.3025290714326645,0.9999999999999998,0.9999999999999999,0.1952693864345607,1.4436784331768655,0.8772121351545831,0.8772121351545831,2.012400240185934,0.7429895149950881,0.7429895149950881
arruda_boyce,uniaxial,1.4242424242424243,1.4242424242424243,3.4327218021608736,3.3414680988243677,1.0000000000000002,1.0,0.22369285729686414,1.4759358734219383,0.8683436076363614,0.8683436076363614,2.1020904863888212,0.7276116641722458,0.7276116641722458
arruda_boyce,uniaxial,1.4545454545454546,1.4545454545454546,3.490702479338843,3.3817471590909087,1.0,1.0,0.2537448162625717,1.5082827772971754,0.8597888836023273,0.8597888836023273,2.193865857886801,0.712899281456868,0.712899281456868
arruda_boyce,uniaxial,1.4848484848484849,1.4848484848484849,3.5517137984670453,3.423257985940202,1.0000000000000002,1.0,0.28538792341063607,1.5407214248901555,0.8515318793667042,0.8515318793667042,2.287737873321746,0.6988111752208994,0.6988111752208994
arruda_boyce,uniaxial,1.5151515151515151,1.5151515151515151,3.615684113865932,3.4659030303030307,1.0,1.0,0.3185881361688705,1.573254128921193,0.8435576795981191,0.8435576795981191,2.383718377153323,0.6853094985580717,0.6853094985580717
arruda_boyce,uniaxial,1.5454545454545454,1.5454545454545454,3.682547399124939,3.509594212016357,1.0,1.0,0.3533143917113121,1.6058832354786965,0.835852431195934,0.835852431195934,2.481819545739804,0.672359416930527,0.672359416930527
arruda_boyce,uniaxial,1.5757575757575757,1.5757575757575757,3.752242706788161,3.5542518379056833,0.9999999999999998,0.9999999999999999,0.3895383263864872,1.6386111248039705,0.8284032487455849,0.8284032487455849,2.5820538936304995,0.6599288146862146,0.6599288146862146
arruda_boyce,uniaxial,1.606060606060606,1.606060606060606,3.8247136892076856,3.599803661391415,0.9999999999999998,0.9999999999999999,0.42723402725779674,1.6714402121227017,0.8211981300893947,0.8211981300893947,2.6844342800758545,0.6479880352444282,0.6479880352444282
arruda_boyce,uniaxial,1.6363636363636362,1.6363636363636362,3.899908172635445,3.64618406285073,0.9999999999999997,0.9999999999999998,0.46637781157087443,1.704372948520985,0.8142258807588216,0.8142258807588216,2.7889739157616122,0.6365096505278817,0.6365096505278817
arruda_boyce,uniaxial,1.6666666666666667,1.6666666666666667,3.9777777777777783,3.6933333333333342,1.0000000000000004,1.0000000000000002,0.5069480305755639,1.737411821864106,0.8074760461900283,0.8074760461900283,2.8956863697735096,0.625468255871078,0.625468255871078
arruda_boyce,uniaxial,1.696969696969697,1.696969696969697,4.058277581004854,3.741197047000621,1.0000000000000002,1.0,0.548924894643858,1.770559357756705,0.8009388507932294,0.8009388507932294,3.004585576799257,0.6148402871801822,0.6148402871801822
arruda_boyce,uniaxial,1.7272727272727273,1.7272727272727273,4.14136581122227,3.7897255099471163,1.0,1.0,0.5922903170572381,1.8038181205435546,0.7946051430726692,0.7946051430726692,3.1156858445752307,0.6046038575783106,0.6046038575783106
arruda_boyce,uniaxial,1.7575757575757576,1.7575757575757576,4.227003578100756,3.8388732749612657,1.0,1.0,0.6370277742014616,1.8371907143498944,0.7884663460997167,0.7884663460997167,3.229001861584663,0.5947386111554801,0.5947386111554801
arruda_boyce,uniaxial,1.7878787878787878,1.7878787878787878,4.315154627943534,3.8885987133617155,1.0,1.0,0.6831221802155347,1.8706797841610838,0.7825144127337839,0.7825144127337839,3.344548705015271,0.5852255917700145,0.5852255917700145
arruda_boyce,uniaxial,1.8181818181818183,1.8181818181818183,4.405785123966942,3.9388636363636342,0.9999999999999996,0.9999999999999998,0.7305597744037182,1.9042880169412038,0.7767417850628439,0.7767417850628439,3.462341848984008,0.5760471251247048,0.5760471251247048
arruda_boyce,uniaxial,1.8484848484848486,1.8484848484848486,4.498863448192808,3.989632959533525,1.0000000000000004,1.0000000000000002,0.7793280199426241,1.9380181427905963,0.7711413576023527,0.7711413576023527,3.582397173037162,0.567186712577003,0.567186712577003
arruda_boyce,uniaxial,1.878787878787879,1.878787878787879,4.594360022512515,4.040874404818213,1.0,1.0,0.8294155126060904,1.9718729361421816,0.7657064438479358,0.7657064438479358,3.704730970933796,0.5586289353430894,0.5586289353430894
arruda_boyce,uniaxial,1.9090909090909092,1.9090909090909092,4.692247146792602,4.09255823541538,1.0000000000000002,1.0,0.8808118983937911,2.0058552169972415,0.7604307458282612,0.7604307458282612,3.8293599597220065,0.5503593679289484,0.5503593679289484
arruda_boyce,uniaxial,1.9393939393939394,1.9393939393939394,4.7924988521579435,4.144657019412879,1.0000000000000002,1.0,0.9335077990896841,2.03996785220035,0.7553083263443786,0.7553083263443786,3.9563012891158307,0.5423644997671341,0.5423644997671341
arruda_boyce,uniaxial,1.9696969696969697,1.9696969696969697,4.89509076781804,4.1971454186838795,1.0,1.0,0.9874947448970988,2.0742137567544403,0.7503335836216874,0.7503335836216874,4.085572551182988,0.5346316641670025,0.5346316641670025
arruda_boyce,uniaxial,2.0,2.0,5.0,4.25,0.9999999999999996,0.9999999999999998,1.0427651134013607,2.1085958951762414,0.7455012281305918,0.7455012281305918,4.217191790352484,0.5271489737940409,0.5271489737940409
arruda_boyce,uniaxial,2.0303030303030303,2.0303030303030303,5.107205021723339,4.303199065729695,1.0000000000000004,1.0000000000000002,1.099312074200938,2.143117282892863,0.7408062613609927,0.7408062613609927,4.351177513752176,0.5199052619893803,0.5199052619893803
arruda_boyce,uniaxial,2.0606060606060606,2.0606060606060606,5.216685572300546,4.356722501834959,0.9999999999999998,0.9999999999999999,1.157129538626196,2.17778098767998,0.7362439563589115,0.7362439563589115,4.48754870188602,0.5128900293216712,0.5128900293216712
arruda_boyce,uniaxial,2.090909090909091,2.090909090909091,5.328422565576716,4.410551641175461,1.0,1.0,1.2162121140326811,2.212590131142847,0.7318098398568388,0.7318098398568388,4.626324819662316,0.5060933948360766,0.5060933948360766
arruda_boyce,uniaxial,2.121212121212121,2.121212121212121,5.442398006034369,4.464669140383428,0.9999999999999996,0.9999999999999998,1.2765550622149868,2.247547890240361,0.7274996758448652,0.7274996758448652,4.767525827782585,0.4995060515248278,0.4995060515248278
arruda_boyce,uniaxial,2.1515151515151514,2.1515151515151514,5.5585949119879965,4.519058868791062,1.0000000000000002,1.0,1.3381542615387945,2.28265749885376,0.7233094504498393,0.7233094504498393,4.911172194503544,0.49311922560044563,0.49311922560044563
arruda_boyce,uniaxial,2.1818181818181817,2.1818181818181817,5.676997245179062,4.573705808080806,0.9999999999999996,0.9999999999999998,1.4010061724338148,2.317922249400161,0.7192353579998242,0.7192353579998242,5.0572849077821695,0.4869246391968889,0.4869246391968889
arruda_boyce,uniaxial,2.212121212121212,2.212121212121212,5.797589846157715,4.628595961491431,0.9999999999999998,0.9999999999999999,1.4651078059298455,2.353345494492831,0.7152737881687942,0.7152737881687942,5.205885487817476,0.480914476168632,0.480914476168632
arruda_boyce,uniaxial,2.242424242424242,2.242424242424242,5.920358374903828,4.683716271554104,1.0,1.0,1.5304566949528895,2.3889306486482704,0.7114213141018516,0.7114213141018516,5.356995999999151,0.47508135068990337,0.47508135068990337
arruda_boyce,uniaxial,2.2727272727272725,2.2727272727272725,6.0452892561983465,4.73905454545455,1.0000000000000004,1.0000000000000002,1.5970508681287596,2.424681190042087,0.7076746814369778,0.7076746814369778,5.510639068277469,0.4694182783921481,0.4694182783921481
arruda_boyce,uniaxial,2.3030303030303028,2.3030303030303028,6.172369629307427,4.794599387224041,1.0,1.0,1.6648888258685197,2.4606006623142482,0.7040307981434714,0.7040307981434714,5.666837888966147,0.46391864980266917,0.46391864980266917
arruda_boyce,uniaxial,2.3333333333333335,2.3333333333333335,6.301587301587303,4.850340136054424,0.9999999999999998,0.9999999999999999,1.7339695185338428,2.4966926764251873,0.7004867251077583,0.7004867251077583,5.825616244992105,0.45857620587400383,0.45857620587400383
arruda_boyce,uniaxial,2.3636363636363638,2.3636363636363638,6.43293070565798,4.906266810112967,1.0000000000000002,1.0,1.8042923265013395,2.5329609125639125,0.6970396674028388,0.6970396674028388,5.986998520605612,0.4533850154145465,0.4533850154145465
arruda_boyce,uniaxial,2.393939393939394,2.393939393939394,6.566388859829598,4.962370055303886,1.0000000000000007,1.0000000000000002,1.8758570419635647,2.5694091221093505,0.6936869661840853,0.6936869661840853,6.151009716564807,0.44833945425047445,0.44833945425047445
arruda_boyce,uniaxial,2.4242424242424243,2.4242424242424243,6.701951331496786,5.018641098484846,1.0,1.0,1.9486638523208357,2.606041129646359,0.6904260911599153,0.6904260911599153,6.317675465809355,0.4434341859663882,0.4434341859663882
arruda_boyce,uniaxial,2.4545454545454546,2.4545454545454546,6.839608203244567,5.075071704701337,1.0,1.0,2.022713325032736,2.6428608350377742,0.6872546335906144,0.6872546335906144,6.487022049638173,0.4386641440872026,0.4386641440872026
arruda_boyce,uniaxial,2.484848484848485,2.484848484848485,6.979350041434299,5.131654138049136,1.0000000000000002,1.0,2.098006393811171,2.6798722155536825,0.6841702997719814,0.6841702997719814,6.65907641440612,0.43402451557673416,0.43402451557673416
arruda_boyce,uniaxial,2.515151515151515,2.515151515151515,7.121167867060528,5.188381125817614,1.0,1.0,2.174544346048542,2.7170793280596284,0.6811709049663068,0.6811709049663068,6.833866188756035,0.4295107255417238,0.4295107255417238
arruda_boyce,uniaxial,2.5454545454545454,2.5454545454545454,7.265053128689493,5.2452458256029715,1.0000000000000004,1.0000000000000002,2.252328811384944,2.754486311265078,0.6782543677449612,0.6782543677449612,7.011419701402016,0.4251184230396567,0.4251184230396567
arruda_boyce,uniaxial,2.5757575757575757,2.5757575757575757,7.410997677307838,5.302241795113773,0.9999999999999998,0.9999999999999999,2.3313617513276124,2.792097388033617,0.6754187047106537,0.6754187047106537,7.19176599948053,0.420843467898759,0.420843467898759
arruda_boyce,uniaxial,2.6060606060606064,2.6060606060606064,7.558993742926091,5.359362964419752,0.9999999999999998,0.9999999999999999,2.411645449844184,2.8299168677566655,0.6726620255711382,0.6726620255711382,7.37493486748707,0.4166819184676864,0.4166819184676864
arruda_boyce,uniaxial,2.6363636363636367,2.6363636363636367,7.70903391279567,5.416603610420502,0.9999999999999996,0.9999999999999998,2.4931825048587544,2.86794914879186,0.6699825285361874,0.6699825285361874,7.560956846814906,0.41263002021854617,0.41263002021854617
arruda_boyce,uniaxial,2.666666666666667,2.666666666666667,7.8611111111111125,5.473958333333336,0.9999999999999998,0.9999999999999999,2.57597582058648,2.906198720968258,0.6673784960157332,0.6673784960157332,7.749863255915357,0.40868419513615073,0.40868419513615073
arruda_boyce,uniaxial,2.6969696969696972,2.6969696969696972,8.015218580080687,5.531422035020071,0.9999999999999998,0.9999999999999999,2.660028600648436,2.944670168159528,0.664848290595035,0.664848290595035,7.941686211096911,0.4048410318300374,0.4048410318300374
arruda_boyce,uniaxial,2.7272727272727275,2.7272727272727275,8.171349862258953,5.588989898989894,0.9999999999999996,0.9999999999999998,2.745344341913938,2.98336817092717,0.6623903512681276,0.6623903512681276,8.136458647983194,0.40109727631354175,0.40109727631354175
arruda_boyce,uniaxial,2.757575757575758,2.757575757575758,8.32949878404424,5.646657371932097,1.0,1.0,2.8319268290223816,3.0222975092353273,0.6600031899102099,0.6600031899102099,8.334214343648933,0.3974498233978107,0.3974498233978107
arruda_boyce,uniaxial,2.787878787878788,2.787878787878788,8.489659440252328,5.704420146646061,1.0000000000000004,1.0000000000000002,2.9197801295410994,3.0614630652389776,0.6576853879721727,0.6576853879721727,8.534987939454119,0.39389570865378126,0.39389570865378126
arruda_boyce,uniaxial,2.8181818181818183,2.8181818181818183,8.651826179685418,5.7622741462491724,0.9999999999999996,0.9999999999999998,3.008908589719738,3.100869826147241,0.6554355933812265,0.6554355933812265,8.738814964596774,0.39043210089885094,0.39043210089885094
arruda_boyce,uniaxial,2.8484848484848486,2.8484848484848486,8.81599359162222,5.820215509554579,1.0000000000000004,1.0000000000000002,3.0993168308052756,3.140522887163987,0.6532525176350105,0.6532525176350105,8.945731860406507,0.387056295169939,0.387056295169939
arruda_boyce,uniaxial,2.878787878787879,2.878787878787879,8.98215649316128,5.878240577520373,1.0,1.0,3.191009745885065,3.180427454506905,0.6511349330725905,0.6511349330725905,9.155776005398666,0.38376570614491157,0.38376570614491157
arruda_boyce,uniaxial,2.909090909090909,2.909090909090909,9.150309917355372,5.936345880681813,1.0,1.0,3.2839924972282977,3.220588848507832,0.6490816703144112,0.6490816703144112,9.368985741113693,0.3805578619819038,0.3805578619819038
arruda_boyce,uniaxial,2.9393939393939394,2.9393939393939394,9.320449102079843,5.9945281274859425,1.0,1.0,3.378270514098991,3.2610125067954727,0.6470916158561303,0.6470916158561303,9.58540039876245,0.37743039854399735,0.37743039854399735
arruda_boyce,uniaxial,2.9696969696969697,2.9696969696969697,9.492569479582466,6.052784193454748,1.0,1.0,3.473849491016026,3.30170398756314,0.6451637098091743,0.6451637098091743,9.805060326702659,0.37438105398336724,0.37438105398336724
arruda_boyce,uniaxial,3.0,3.0,9.666666666666668,6.111111111111121,1.0000000000000009,1.0000000000000004,3.5707353864380775,3.342668972923123,0.6432969437763992,0.6432969437763992,10.028006918769364,0.3714076636581675,0.3714076636581675
arruda_boyce,uniaxial,3.0303030303030303,3.0303030303030303,9.842736455463728,6.169506060606054,0.9999999999999996,0.9999999999999998,3.668934421853271,3.3839132723497847,0.6414903588543397,0.6414903588543397,10.254282643484197,0.3685081553588916,0.3685081553588916
arruda_boyce,uniaxial,3.0606060606060606,3.0606060606060606,10.0207748047532,6.227966360992518,0.9999999999999996,0.9999999999999998,3.7684530812553203,3.425442826213854,0.6397430437557823,0.6397430437557823,10.483931074169677,0.36568054482371026,0.36568054482371026
arruda_boyce,uniaxial,3.090909090909091,3.090909090909091,10.200777831793875,6.2864894620950125,1.0,1.0,3.869298110989574,3.4672637094094787,0.638054133042221,0.638054133042221,10.716996919992933,0.36292293152123434,0.36292293152123434
arruda_boyce,uniaxial,3.121212121212121,3.121212121212121,10.382741804630594,6.345072936928901,1.0000000000000004,1.0000000000000002,3.971476519954002,3.5093821350766308,0.6364228054613507,0.6364228054613507,10.953526057966451,0.36023349468361304,0.36023349468361304
arruda_boyce,uniaxial,3.1515151515151514,3.1515151515151514,10.566663134844951,6.403714474627918,1.0,1.0,4.074995580141606,3.5518044584209862,0.6348482823828492,0.6348482823828492,11.193565565932804,0.357610489572897,0.357610489572897
arruda_boyce,uniaxial,3.1818181818181817,3.1818181818181817,10.75253837072019,6.462411873840466,0.9999999999999996,0.9999999999999998,4.179862827512007,3.5945371806334037,0.6333298263256191,0.6333298263256191,11.437163756560832,0.355052243964584,0.355052243964584
arruda_boyce,uniaxial,3.2121212121212124,3.2121212121212124,10.940364190793009,6.521163036559969,1.0000000000000004,1.0000000000000002,4.286086063181233,3.637586952911462,0.6318667395719939,0.6318667395719939,11.684370212382271,0.3525571548345339,0.3525571548345339
arruda_boyce,uniaxial,3.2424242424242427,3.2424242424242427,11.130137397766966,6.579965962357434,1.0000000000000004,1.0000000000000002,4.393673354919866,3.680960580585149,0.6304583628623798,0.6304583628623798,11.935235821897301,0.3501236852351495,0.3501236852351495
arruda_boyce,uniaxial,3.272727272727273,3.272727272727273,11.321854912764005,6.638818742985407,1.0,1.0,4.502633038950674,3.724665027349453,0.6291040741677694,0.6291040741677694,12.189812816780028,0.3477503613497343,0.3477503613497343
arruda_boyce,uniaxial,3.303030303030303,3.303030303030303,11.515513769892419,6.697719557327339,0.9999999999999996,0.9999999999999998,4.61297372203788,3.7687074196058346,0.6278032875331444,0.6278032875331444,12.448154810213214,0.3454357697121873,0.3454357697121873
arruda_boyce,uniaxial,3.3333333333333335,3.3333333333333335,11.711111111111114,6.756666666666682,1.0,1.0,4.724704283861081,3.8130950509153,0.6265554519892859,0.6265554519892859,12.710316836384335,0.34317855458237695,0.34317855458237695
arruda_boyce,uniaxial,3.3636363636363638,3.3636363636363638,11.908644181371454,6.815658410252979,0.9999999999999996,0.9999999999999998,4.837833879667625,3.8578353865654837,0.6253600505285948,0.6253600505285948,12.976355391174813,0.3409774154670735,0.3409774154670735
arruda_boyce,uniaxial,3.393939393939394,3.393939393939394,12.108110324019417,6.874693201144112,1.0,1.0,4.952371943198106,3.9029360682543266,0.6242165991416524,0.6242165991416524,13.246328474075291,0.3388311047775001,0.3388311047775001
arruda_boyce,uniaxial,3.4242424242424243,3.4242424242424243,12.309506976441813,6.93376952230426,1.0,1.0,5.068328189880187,3.948404918892804,0.6231246459106098,0.6231246459106098,13.520295631360208,0.33673842561473416,0.33673842561473416
arruda_boyce,uniaxial,3.4545454545454546,3.4545454545454546,12.512831665941713,6.992885922941298,1.0,1.0,5.185712620286817,3.994249947529403,0.6220837701565679,0.6220837701565679,13.798318000556119,0.33469822967524776,0.33469822967524776
arruda_boyce,uniaxial,3.484848484848485,3.484848484848485,12.718082005829041,7.0520410150655835,1.0,1.0,5.304535523855362,4.040479354399067,0.6210935816386155,0.6210935816386155,14.080458356239173,0.33270941526958764,0.33270941526958764
arruda_boyce,uniaxial,3.515151515151515,3.515151515151515,12.925255691713373,7.111233470255499,1.0000000000000004,1.0000000000000002,5.424807482864803,4.08710153609914,0.6201537198007376,0.6201537198007376,14.366781157196973,0.33077092544680853,0.33077092544680853
arruda_boyce,uniaxial,3.5454545454545454,3.5454545454545454,13.134350497986864,7.170462016615886,1.0000000000000004,1.0000000000000002,5.546539376668751,4.1341250908951235,0.6192638530643374,0.6192638530643374,14.657352594991798,0.3288817462184812,0.3288817462184812
arruda_boyce,uniaxial,3.5757575757575757,3.5757575757575757,13.345364274485998,7.229725435916194,1.0,1.0,5.669742386182429,4.181558824159214,0.6184236781654552,0.6184236781654552,14.952240643963249,0.32704090487714627,0.32704090487714627
arruda_boyce,uniaxial,3.606060606060606,3.606060606060606,13.558294943321682,7.289022560896029,0.9999999999999996,0.9999999999999998,5.794427998622324,4.229411753944076,0.6176329195318039,0.6176329195318039,15.251515112707429,0.32524746840228735,0.32524746840228735
arruda_boyce,uniaxial,3.6363636363636362,3.6363636363636362,13.773140495867768,7.348352272727283,0.9999999999999996,0.9999999999999998,5.920608012497592,4.277693116695098,0.6168913287000846,0.6168913287000846,15.555247697073087,0.323500541950045,0.323500541950045
arruda_boyce,uniaxial,3.666666666666667,3.666666666666667,13.989898989898993,7.407713498622613,1.0,1.0,6.048294542852838,4.326412373103777,0.6161986837698818,0.6161986837698818,15.86351203471385,0.321799267420942,0.321799267420942
arruda_boyce,uniaxial,3.6969696969696972,3.6969696969696972,14.208568546869591,7.467105209580353,0.9999999999999996,0.9999999999999998,6.1775000267621,4.375579214105331,0.6155547888932373,0.6155547888932373,16.176383761237894,0.32014282210163303,0.32014282210163303
arruda_boyce,uniaxial,3.7272727272727275,3.7272727272727275,14.429147349324733,7.526526418257518,0.9999999999999996,0.9999999999999998,6.308237229074482,4.425203567023562,0.6149594737981617,0.6149594737981617,16.49394056799692,0.318530417376473,0.318530417376473
arruda_boyce,uniaxial,3.757575757575758,3.757575757575758,14.651633638437158,7.585976176962134,1.0,1.0,6.440519248411975,4.475295601865898,0.6144125933438856,0.6144125933438856,16.81626226155671,0.31696129750468016,0.31696129750468016
arruda_boyce,uniaxial,3.787878787878788,3.787878787878788,14.876025711662075,7.645453575757557,0.9999999999999996,0.9999999999999998,6.574359523420588,4.525865737771812,0.6139140271069,0.6139140271069,17.143430824893233,0.3154347384597224,0.3154347384597224
arruda_boyce,uniaxial,3.8181818181818183,3.8181818181818183,15.102321920503742,7.704957740672043,1.0,1.0,6.709771839276072,4.576924649617781,0.6134636789964295,0.6134636789964295,17.4755304803588,0.31395004682752353,0.31395004682752353
arruda_boyce,uniaxial,3.8484848484848486,3.8484848484848486,15.330520668387527,7.764487832005955,1.0,1.0,6.846770334445871,4.628483274781811,0.6130614768971017,0.6130614768971017,17.812647754463335,0.3125065587598139,0.3125065587598139
arruda_boyce,uniaxial,3.878787878787879,3.878787878787879,15.560620408631774,7.824043042732015,1.0000000000000004,1.0000000000000002,6.9853695077093,4.680552820071047,0.612707372339396,0.612707372339396,18.154871544518,0.3111036389805523,0.3111036389805523
arruda_boyce,uniaxial,3.909090909090909,3.909090909090909,15.792619642513936,7.8836225969811835,1.0000000000000004,1.0000000000000002,7.125584225438065,4.7331447688154205,0.6124013401943157,0.6124013401943157,18.50229318718755,0.30974067984137704,0.30974067984137704
arruda_boyce,uniaxial,3.9393939393939394,3.9393939393939394,16.026516917426008,7.9432257486103595,1.0000000000000004,1.0000000000000002,7.267429729139737,4.786270888130943,0.6121433783933611,0.6121433783933611,18.855006529000683,0.30841710042455417,0.30841710042455417
arruda_boyce,uniaxial,3.9696969696969697,3.9696969696969697,16.262310825114433,8.002851779846125,1.0000000000000009,1.0000000000000004,7.410921643266839,4.839943236355885,0.6119335076716003,0.6119335076716003,19.213107998867294,0.3071323456903404,0.3071323456903404
arruda_boyce,uniaxial,4.0,4.0,16.5,8.0625,1.0,1.0,7.556075983294584,4.894174170663265,0.6117717713329082,0.6117717713329082,19.57669668265306,0.3058858856664541,0.3058858856664541
arruda_boyce,biaxial,1.0,1.0,3.0,3.0,1.0,1.0,0.0,1.0314914711502785,1.0314914711502785,1.0314914711502785,1.0314914711502785,1.0314914711502785,1.0314914711502785
arruda_boyce,biaxial,1.02020202020202,1.02020202020202,3.0047382086471854,3.00486627266511,1.0,1.0,0.002443772766312845,1.052382963305773,1.052382963305773,0.9910949682788124,1.0736432251907382,1.0736432251907382,0.9522323089991808
arruda_boyce,biaxial,1.0404040404040404,1.0404040404040404,3.0183582477425936,3.0193540827970295,1.0,1.0,0.009469116793543248,1.0733784664142763,1.0733784664142763,0.9531182560541707,1.1167472933401057,1.1167472933401057,0.8805271022327199
arruda_boyce,biaxial,1.0606060606060606,1.0606060606060606,3.040055146290821,3.0433259323860744,1.0,1.0,0.020662693562115465,1.0944746361124795,1.0944746361124795,0.9173675801276778,1.1608064322405085,1.1608064322405085,0.8155210569461562
arruda_boyce,biaxial,1.0808080808080809,1.0808080808080809,3.0691263118210506,3.076679923722112,1.0,1.0,0.03566477691147468,1.11566869923444,1.11566869923444,0.8836687554628514,1.2058237456372232,1.2058237456372232,0.7564710867579183
arruda_boyce,biaxial,1.101010101010101,1.101010101010101,3.1049569161851815,3.1193463125220227,0.9999999999999999,0.9999999999999999,0.05416147013260308,1.136958377974999,1.136958377974999,0.8518647668822519,1.2518026585785345,1.2518026585785345,0.7027292803815294
arruda_boyce,biaxial,1.121212121212121,1.121212121212121,3.147007586933069,3.1712844918183993,1.0,1.0,0.07587817996311325,1.1583418261275573,1.1583418261275573,0.8218137169673275,1.2987468959612005,1.2987468959612005,0.65372909991046
arruda_boyce,biaxial,1.1414141414141414,1.1414141414141414,3.1948040071074493,3.2324803461668754,1.0,1.0,0.10057412458073642,1.1798175752455344,1.1798175752455344,0.7933870632783676,1.346660464674196,1.346660464674196,0.6089738121380908
arruda_boyce,biaxial,1.1616161616161615,1.1616161616161615,3.2479281002769467,3.302943925105828,1.0,1.0,0.12803769570785636,1.201384489004141,1.201384489004141,0.766468097835936,1.395547638742184,1.395547638742184,0.56802675439622
arruda_boyce,biaxial,1.1818181818181819,1.1818181818181819,3.3060105368211468,3.382707392590073,1.0,1.0,0.15808252899119568,1.2230417243720875,1.2230417243720875,0.7409506304684789,1.4454129469851944,1.4454129469851944,0.5305031141224019
arruda_boyce,biaxial,1.202020202020202,1.202020202020202,3.368724345043483,3.471823215610185,1.0,1.0,0.19054416391203013,1.2447886984661,1.2447886984661,0.7167378445196914,1.4962611628026858,1.4962611628026858,0.49606296265359057
arruda_boyce,biaxial,1.2222222222222223,1.2222222222222223,3.4357794490526774,3.570362560635662,0.9999999999999998,0.9999999999999999,0.22527719614000524,1.2666250601689604,1.2666250601689604,0.6937412989204897,1.5480972957620633,1.5480972957620633,0.4644053323352039
arruda_boyce,biaxial,1.2424242424242424,1.2424242424242424,3.5069179864173625,3.6784138710715153,0.9999999999999999,0.9999999999999999,0.2621528426368523,1.2885506657577632,1.2885506657577632,0.6718800550679165,1.6009265847293426,1.6009265847293426,0.4352631647644028
arruda_boyce,biaxial,1.2626262626262625,1.2626262626262625,3.5819102838431274,3.79608160274711,0.9999999999999999,0.9999999999999999,0.301056853845904,1.3105655579221254,1.3105655579221254,0.6510799105465757,1.654754492325916,1.654754492325916,0.4083989890090874
arruda_boyce,biaxial,1.2828282828282829,1.2828282828282829,3.6605513897091777,3.923485097687091,1.0,1.0,0.3418877186669353,1.332669947659029,1.332669947659029,0.6312727246533525,1.7095867005322896,1.7095867005322896,0.3836012136107327
arruda_boyce,biaxial,1.303030303030303,1.303030303030303,3.742658079149599,4.060757579148267,1.0,1.0,0.3845551171569,1.3548641986183207,1.3548641986183207,0.6123958230815575,1.765429107290539,1.765429107290539,0.36068093636334025
arruda_boyce,biaxial,1.3232323232323233,1.3232323232323233,3.828066261196908,4.2080452532262695,1.0,1.0,0.4289785834407967,1.3771488135430134,1.3771488135430134,0.5943914710889979,1.8222878239811593,1.8222878239811593,0.339469192246563
arruda_boyce,biaxial,1.3434343434343434,1.3434343434343434,3.9166287288990307,4.365506504309466,1.0,1.0,0.47508634749747397,1.3995244225067125,1.3995244225067125,0.5772064061025313,1.8801691736706339,1.8801691736706339,0.31981457324952844
arruda_boyce,biaxial,1.3636363636363638,1.3636363636363638,4.0082132027344155,4.533311173341227,0.9999999999999998,0.9999999999999999,0.5228143295668962,1.4219917726979667,1.4219917726979667,0.5607914220625165,1.9390796900426825,1.9390796900426825,0.30158116475362
arruda_boyce,biaxial,1.3838383838383839,1.3838383838383839,4.1027006254508445,4.711639909291122,1.0000000000000002,1.0,0.5721052651176067,1.444551719540499,1.444551719540499,0.5451009989365236,1.9990261169398826,1.9990261169398826,0.2846467521219494
arruda_boyce,biaxial,1.404040404040404,1.404040404040404,4.19998367293698,4.900683585469729,1.0000000000000002,1.0,0.6229079417829393,1.4672052189706148,1.4672052189706148,0.530092971773721,2.0600154084536912,2.0600154084536912,0.2689012585453258
arruda_boyce,biaxial,1.4242424242424243,1.4242424242424243,4.299965451139194,5.100642773381861,1.0,1.0,0.675176532555305,1.4899533207203006,1.4899533207203006,0.5157282344637067,2.1220547295107313,2.1220547295107313,0.25424538131778024
arruda_boyce,biaxial,1.4444444444444444,1.4444444444444444,4.402558353552132,5.311727267725999,1.0,1.0,0.7288700119269097,1.5127971624769077,1.5127971624769077,0.5019704740307991,2.185151456911089,2.185151456911089,0.24058939879582678
arruda_boyce,biaxial,1.4646464646464648,1.4646464646464648,4.507683057595609,5.534155656935807,1.0,1.0,0.7839516436689442,1.5357379648092213,1.5357379648092213,0.4887859318599114,2.249313180781183,2.249313180781183,0.22785212452599246
arruda_boyce,biaxial,1.4848484848484849,1.4848484848484849,4.615267641369275,5.768154934340803,1.0000000000000002,1.0,0.840388530619371,1.558777026765571,1.558777026765571,0.4761431887298177,2.3145477064094844,2.3145477064094844,0.21595998855758913
arruda_boyce,biaxial,1.5050505050505052,1.5050505050505052,4.725246804954039,6.013960145614304,1.0,1.0,0.8981512182588658,1.5819157220630053,1.5819157220630053,0.46401297093818916,2.380863056438261,2.380863056438261,0.20484622891604845
arruda_boyce,biaxial,1.5252525252525253,1.5252525252525253,4.837561182689404,6.271814068689235,1.0,1.0,0.9572133450411002,1.6051554957978567,1.6051554957978567,0.4523679751518869,2.44826747338865,2.44826747338865,0.1944501786967082
arruda_boyce,biaxial,1.5454545454545454,1.5454545454545454,4.952156734768837,6.541966922769138,1.0,1.0,1.0175513334454411,1.6284978616175942,1.6284978616175942,0.4411827099151268,2.516769422499918,2.516769422499918,0.18471663633124688
arruda_boyce,biaxial,1.5656565656565657,1.5656565656565657,5.0689842081176,6.824676103450571,1.0,1.0,1.0791441165678708,1.651944399302047,1.651944399302047,0.4304333520052034,2.5863775948668417,2.5863775948668417,0.17559530834559825
arruda_boyce,biaxial,1.5858585858585859,1.5858585858585859,5.187998657896703,7.120205941312991,1.0,1.0,1.1419728957851256,1.6754967527089943,1.6754967527089943,0.4200976160469513,2.6571009108617387,2.6571009108617387,0.16704031542359404
arruda_boyce,biaxial,1.606060606060606,1.606060606060606,5.309159022151666,7.428827481629835,0.9999999999999998,0.9999999999999999,1.2060209256385492,1.6991566280451078,1.6991566280451078,0.41015463598845375,2.728948523830022,2.728948523830022,0.1590097538595323
arruda_boyce,biaxial,1.6262626262626263,1.6262626262626263,5.432427743127767,7.750818283114775,0.9999999999999998,0.9999999999999999,1.2712733226051867,1.7229257924283348,1.7229257924283348,0.40058485720645715,2.8019298240501205,2.8019298240501205,0.1514653055623042
arruda_boyce,biaxial,1.6464646464646466,1.6464646464646466,5.557770429631757,8.086462233846447,1.0,1.0,1.3377168948687248,1.7468060727120607,1.7468060727120607,0.3913699381530344,2.876054442950161,2.876054442950161,0.1443718906935861
arruda_boyce,biaxial,1.6666666666666667,1.6666666666666667,5.685155555555556,8.436049382716051,0.9999999999999996,0.9999999999999998,1.405339990583719,1.7707993545454785,1.7707993545454785,0.38249266058176445,2.9513322575757983,2.9513322575757983,0.1376973578094352
arruda_boyce,biaxial,1.6868686868686869,1.6868686868686869,5.814554190309299,8.799875784919548,1.0,1.0,1.4741323624531935,1.7949075816475333,1.7949075816475333,0.3739368474993832,3.0277733953044246,3.0277733953044246,0.13141220704727508
arruda_boyce,biaxial,1.7070707070707072,1.7070707070707072,5.945939757454822,9.178243360172834,1.0,1.0,1.5440850467203968,1.8191327552746095,1.8191327552746095,0.36568728808415624,3.1053882388021115,3.1053882388021115,0.125489342477953
arruda_boyce,biaxial,1.7272727272727273,1.7272727272727273,6.079287818299392,9.57145976246646,1.0,1.0,1.615190254917183,1.843476933865155,1.843476933865155,0.35772966889845775,3.1841874312216314,3.1841874312216314,0.1199038502402033
arruda_boyce,biaxial,1.7474747474747474,1.7474747474747474,6.214575877614371,9.979838260298882,1.0,1.0,1.6874412769199532,1.867942232845684,1.867942232845684,0.35005051079229216,3.2641818816394275,3.2641818816394275,0.11463279950132833
arruda_boyce,biaxial,1.7676767676767677,1.7676767676767677,6.351783208993776,10.403697626435747,0.9999999999999996,0.9999999999999998,1.7608323940443031,1.892530824585178,1.892530824585178,0.34263711096241134,3.3453827707313764,3.3453827707313764,0.10965506365853368
arruda_boyce,biaxial,1.787878787878788,1.787878787878788,6.490890697671299,10.843362036339077,0.9999999999999996,0.9999999999999998,1.8353588010655073,1.9172449384861892,1.9172449384861892,0.3354774896867652,3.4278015566874305,3.4278015566874305,0.1049511595141877
arruda_boyce,biaxial,1.8080808080808082,1.8080808080808082,6.631880698877967,11.299160974495662,1.0,1.0,1.911016536187287,1.9420868612024373,1.9420868612024373,0.32856034130464884,3.5114499813660234,3.5114499813660234,0.10050310243521933
arruda_boyce,biaxial,1.8282828282828283,1.8282828282828283,6.774736910051816,11.77142914795043,1.0,1.0,1.987802418098879,1.96705893697395,1.96705893697395,0.32187498905717576,3.596340076689747,3.596340076689747,0.09629427574705837
arruda_boyce,biaxial,1.8484848484848486,1.8484848484848486,6.919444255410611,12.260506406418235,1.0,1.0,2.065713989362711,1.9921635680718603,1.9921635680718603,0.31541134344195515,3.682484171284348,3.682484171284348,0.09230931282136229
arruda_boyce,biaxial,1.8686868686868687,1.8686868686868687,7.0659887815728215,12.76673766840821,1.0,1.0,2.144749465464189,2.017403215345969,2.017403215345969,0.3091598637706715,3.769894897363679,3.769894897363679,0.0885339904986516
arruda_boyce,biaxial,1.8888888888888888,1.8888888888888888,7.214357563064275,13.290472852849145,1.0000000000000004,1.0000000000000002,2.2249076889329715,2.042780398868996,2.042780398868996,0.30311152264919566,3.8585851978636585,3.8585851978636585,0.08495513264562231
arruda_boyce,biaxial,1.9090909090909092,1.9090909090909092,7.364538616681033,13.832066815752553,1.0,1.0,2.3061880880131818,2.0682976986722084,2.0682976986722084,0.29725777312730534,3.9485683338287614,3.9485683338287614,0.08156052278549646
arruda_boyce,biaxial,1.9292929292929295,1.9292929292929295,7.516520823795758,14.39187929149371,1.0,1.0,2.388590639419648,2.0939577555678337,2.0939577555678337,0.2915905182902658,4.039857892055114,4.039857892055114,0.07833882486123993
arruda_boyce,biaxial,1.9494949494949496,1.9494949494949496,7.670293859797273,14.970274838329841,1.0,1.0,2.4721158347695815,2.119763272053972,2.119763272053972,0.2861020830841509,4.132467792994108,4.132467792994108,0.07527951129715597
arruda_boyce,biaxial,1.9696969696969697,1.9696969696969697,7.825848129943003,15.56762278780965,1.0000000000000004,1.0000000000000002,2.556764650325025,2.1457170132988748,2.1457170132988748,0.28078518819096926,4.226412298922026,4.226412298922026,0.07237279761892675
arruda_boyce,biaxial,1.98989898989899,1.98989898989899,7.983174710983154,16.184297197759577,1.0,1.0,2.6425385197218194,2.1718218082010186,2.1718218082010186,0.27563292578081405,4.3217060223798045,4.3217060223798045,0.06960958297244861
arruda_boyce,biaxial,2.0101010101010104,2.0101010101010104,8.142265297985388,16.820676808560858,1.0,1.0,2.7294393093964437,2.1980805505227994,2.1980805505227994,0.27063873699089636,4.418363934889264,4.418363934889264,0.066981395955854
arruda_boyce,biaxial,2.0303030303030303,2.0303030303030303,8.303112155850252,17.47714500245671,1.0,1.0,2.8174692964535044,2.2244962000950776,2.2244962000950776,0.26579639098830904,4.516401375950612,4.516401375950612,0.06448034524087069
arruda_boyce,biaxial,2.0505050505050506,2.0505050505050506,8.465708075062087,18.154089765651932,1.0,1.0,2.9066311487443284,2.2510717840910126,2.2510717840910126,0.26109996549270287,4.6158340623280365,4.6158340623280365,0.06209907451755637
arruda_boyce,biaxial,2.070707070707071,2.070707070707071,8.63004633126824,18.851903652988096,1.0,1.0,2.9969279069516985,2.2778103983672855,2.2778103983672855,0.25654382864153197,4.716678097629228,4.716678097629228,0.059830721344810336
arruda_boyce,biaxial,2.090909090909091,2.090909090909091,8.796120648322109,19.57098375499623,1.0,1.0,3.088362968497477,2.3047152088713894,2.3047152088713894,0.2521226220931881,4.818949982185632,4.818949982185632,0.05766887953360257
arruda_boyce,biaxial,2.111111111111111,2.111111111111111,8.963925164463323,20.311731667145867,1.0,1.0,3.180940073109114,2.3317894531138244,2.3317894531138244,0.24783124527190228,4.922666623240296,4.922666623240296,0.055607564728598576
arruda_boyce,biaxial,2.1313131313131315,2.1313131313131315,9.1334544013419,21.07455346112464,1.0000000000000004,1.0000000000000002,3.274663289898136,2.3590364417042404,2.3590364417042404,0.2436648406667222,5.0278453454504515,5.0278453454504515,0.05364118288840196
arruda_boyce,biaxial,2.1515151515151514,2.1515151515151514,9.304703235623181,21.859859657996726,1.0,1.0,3.36953700581895,2.3864595599507954,2.3864595599507954,0.23961878010441634,5.134503901712317,5.134503901712317,0.05176450139530042
arruda_boyce,biaxial,2.1717171717171717,2.1717171717171717,9.47766687293678,22.66806520310089,1.0,1.0,3.4655659153897687,2.4140622695221587,2.4140622695221587,0.2356886519229835,5.242660484315799,5.242660484315799,0.0499726225526698
arruda_boyce,biaxial,2.191919191919192,2.191919191919192,9.652340823956518,23.49958944256048,1.0,1.0,3.5627550115695574,2.4418481101717426,2.4418481101717426,0.23187024897862607,5.3523337364370525,5.3523337364370525,0.048260959252469024
arruda_boyce,biaxial,2.212121212121212,2.212121212121212,9.828720882419423,24.354856101288163,1.0,1.0,3.6611095776956493,2.4698207015239135,2.4698207015239135,0.22815955742464955,5.4635427639771414,5.4635427639771414,0.046625212616896866
arruda_boyce,biaxial,2.2323232323232327,2.2323232323232327,10.006803104910714,25.234293262377797,1.0,1.0,3.760635180396286,2.4979837449220628,2.4979837449220628,0.2245527462059514,5.576307147755313,5.576307147755313,0.045061351437614486
arruda_boyce,biaxial,2.2525252525252526,2.2525252525252526,10.186583792258425,26.138333347783803,1.0,1.0,3.8613376634008616,2.5263410253384535,2.5263410253384535,0.22104615721649692,5.690646956065406,5.690646956065406,0.04356559325300904
arruda_boyce,biaxial,2.272727272727273,2.272727272727273,10.368059472396697,27.067413100198085,1.0,1.0,3.9632231421785042,2.554896413346183,2.554896413346183,0.21763629607448118,5.806582757604962,5.806582757604962,0.04213438692001955
arruda_boyce,biaxial,2.2929292929292933,2.2929292929292933,10.551226884569829,28.02197356603889,1.0,1.0,4.066297999342276,2.5836538671530906,2.5836538671530906,0.21431982346750686,5.924135634785371,5.924135634785371,0.0407643965496135
arruda_boyce,biaxial,2.313131313131313,2.313131313131313,10.736082964761707,29.002460079475608,1.0,1.0,4.170568880762676,2.6126174346983064,2.6126174346983064,0.21109354703133892,6.043327197433456,6.043327197433456,0.03945248668892951
arruda_boyce,biaxial,2.3333333333333335,2.3333333333333335,10.922624832245825,30.00932224741749,0.9999999999999996,0.9999999999999998,4.276042692339575,2.641791255811572,2.641791255811572,0.20795441372265658,6.16417959689367,6.16417959689367,0.03819570864293692
arruda_boyce,biaxial,2.353535353535354,2.353535353535354,11.110849777160924,31.043013935400126,0.9999999999999996,0.9999999999999998,4.382726597386659,2.6711795644359717,2.6711795644359717,0.20489950265307275,6.286715540541229,6.286715540541229,0.03699128783920805
arruda_boyce,biaxial,2.3737373737373737,2.3737373737373737,11.300755249026153,32.10399325430941,1.0,1.0,4.490628014587086,2.700786690914454,2.700786690914454,0.20192601835104776,6.410958306716128,6.410958306716128,0.03583661214773416
arruda_boyce,biaxial,2.393939393939394,2.393939393939394,11.492338846117441,33.19272254788647,0.9999999999999996,0.9999999999999998,4.599754616482989,2.7306170643409113,2.7306170643409113,0.19903128442406565,6.536931760088851,6.536931760088851,0.03472922107639922
arruda_boyce,biaxial,2.4141414141414144,2.4141414141414144,11.685598305633874,34.30966838096108,1.0,1.0,4.710114328465146,2.7606752149765357,2.7606752149765357,0.19621273759496807,6.664660367468607,6.664660367468607,0.03366679576982689
arruda_boyce,biaxial,2.4343434343434343,2.4343434343434343,11.880531494589416,35.45530152836606,0.9999999999999996,0.9999999999999998,4.821715328232466,2.790965776731939,2.790965776731939,0.1934679220838741,6.794169214064621,6.794169214064621,0.03264714974508101
arruda_boyce,biaxial,2.4545454545454546,2.4545454545454546,12.077136401370975,36.63009696448773,1.0,1.0,4.934566045693905,2.821493489716177,2.821493489716177,0.19079448431703658,6.925484020212435,6.925484020212435,0.03166822030502253
arruda_boyce,biaxial,2.474747474747475,2.474747474747475,12.275411127909052,37.83453385341072,1.0,1.0,5.048675163288045,2.8522632028532553,2.8522632028532553,0.18819016793787013,7.0586311585762385,7.0586311585762385,0.03072806057407855
arruda_boyce,biaxial,2.494949494949495,2.494949494949495,12.475353882412046,39.06909553961945,1.0,1.0,5.1640516166982,2.8832798765672716,2.8832798765672716,0.18565280910325288,7.193637671839556,7.193637671839556,0.02982483210708226
arruda_boyce,biaxial,2.5151515151515156,2.5151515151515156,12.676962972619448,40.33426953922019,1.0,1.0,5.28070459594292,2.9145485855369184,2.9145485855369184,0.18318033204399575,7.330531290895887,7.330531290895887,0.028956798025244784
arruda_boyce,biaxial,2.5353535353535355,2.5353535353535355,12.88023679953303,41.63054753165037,1.0,1.0,5.3986435468238865,2.9460745215205173,2.9460745215205173,0.18077074487446232,7.469340453552019,7.469340453552019,0.028122316638062965
arruda_boyce,biaxial,2.5555555555555554,2.5555555555555554,13.085173851588825,42.95842535184565,1.0,1.0,5.5178781727150845,2.9778629962525685,2.9778629962525685,0.17842213563475984,7.610094323756563,7.610094323756563,0.02731983551307287
arruda_boyce,biaxial,2.575757575757576,2.575757575757576,13.291772699235594,44.318402982834634,1.0,1.0,5.63841843667862,3.009919444412907,3.009919444412907,0.17613266855097348,7.752822811366579,7.752822811366579,0.026547885958755717
arruda_boyce,biaxial,2.595959595959596,2.595959595959596,13.500031989888543,45.71098454873561,1.0,1.0,5.760274563894226,3.0422494266695925,3.0422494266695925,0.1739005804996648,7.8975565924655085,7.8975565924655085,0.025805077888797934
arruda_boyce,biaxial,2.6161616161616164,2.6161616161616164,13.70995044322977,47.13667830813048,1.0000000000000004,1.0000000000000002,5.883457044390878,3.0748586327967744,3.0748586327967744,0.17172417766500564,8.044327130246106,8.044327130246106,0.025090095038754933
arruda_boyce,biaxial,2.6363636363636367,2.6363636363636367,13.921526846829009,48.595996647792724,1.0,1.0,6.007976636070059,3.1077528848685287,3.1077528848685287,0.1696018323736115,8.193166696471577,8.193166696471577,0.024401690507975016
arruda_boyce,biaxial,2.6565656565656566,2.6565656565656566,14.134760052060694,50.0894560767477,1.0,1.0,6.133844368011568,3.140938140530239,3.140938140530239,0.1675319801013273,8.344108393529826,8.344108393529826,0.023738682603089662
arruda_boyce,biaxial,2.676767676767677,2.676767676767677,14.349648970295243,51.6175772206461,1.0,1.0,6.2610715440536735,3.1744204963484646,3.1744204963484646,0.16551311663633553,8.497186177094376,8.497186177094376,0.02309995095981095
arruda_boyce,biaxial,2.6969696969696972,2.6969696969696972,14.566192569344159,53.18088481643052,1.0,1.0,6.389669746640448,3.2082061912408606,3.2082061912408606,0.1635437953933049,8.65243487940717,8.65243487940717,0.02248443292302853
arruda_boyce,biaxial,2.717171717171717,2.717171717171717,14.784389870140396,54.77990770727936,0.9999999999999996,0.9999999999999998,6.519650840930018,3.2423016099872406,3.2423016099872406,0.1616226248652915,8.809890233197656,8.809890233197656,0.021891120165624053
arruda_boyce,biaxial,2.7373737373737375,2.7373737373737375,15.00423994363678,56.415178837810544,1.0,1.0,6.651026979158265,3.27671328682348,3.27671328682348,0.15974826621080804,8.969588896254173,8.969588896254173,0.021319055529365468
arruda_boyce,biaxial,2.757575757575758,2.757575757575758,15.225741907906626,58.08723524953028,1.0,1.0,6.783810605253221,3.311447909119345,3.311447909119345,0.15791943096273856,9.131568476662437,9.131568476662437,0.020767330071056907
arruda_boyce,biaxial,2.7777777777777777,2.7777777777777777,15.448894925432098,59.79661807651272,1.0,1.0,6.918014459696217,3.346512321141861,3.346512321141861,0.15613487885485272,9.295867558727391,9.295867558727391,0.020235080299588912
arruda_boyce,biaxial,2.7979797979797985,2.7979797979797985,15.6736982005669,61.54387254129749,1.0,1.0,7.053651584626384,3.381913527905738,3.381913527905738,0.154393415760434,9.462525729594844,9.462525729594844,0.019721485590428824
arruda_boyce,biaxial,2.8181818181818183,2.8181818181818183,15.900150977160795,63.32954795099164,1.0000000000000009,1.0000000000000004,7.190735329185659,3.417658699112022,3.417658699112022,0.15269389173000528,9.631583606588423,9.631583606588423,0.01922576576413177
arruda_boyce,biaxial,2.8383838383838382,2.8383838383838382,16.12825253633479,65.1541976935659,1.0,1.0,7.329279355102214,3.453755173176964,3.453755173176964,0.1510351991317501,9.80308286528007,9.80308286528007,0.018747178818534247
arruda_boyce,biaxial,2.858585858585859,2.858585858585859,16.358002194396256,67.01837923433311,1.0,1.0,7.46929764251043,3.4902104613524156,3.4902104613524156,0.14941627088449727,9.977066268310443,9.977066268310443,0.018285018803318273
arruda_boyce,biaxial,2.878787878787879,2.878787878787879,16.589399300884295,68.92265411259862,1.0,1.0,7.610804496006252,3.527032251939099,3.527032251939099,0.14783607877255622,10.153577694976194,10.153577694976194,0.01783861382640595
arruda_boyce,biaxial,2.8989898989898992,2.8989898989898992,16.82244323673655,70.86758793847467,1.0000000000000009,1.0000000000000004,7.753814550937156,3.5642284145949246,3.5642284145949246,0.14629363185005623,10.332662171603463,10.332662171603463,0.017407324184613146
arruda_boyce,biaxial,2.9191919191919196,2.9191919191919196,17.057133412568867,72.85375038984722,1.0,1.0,7.898342779926214,3.6018070047393236,3.6018070047393236,0.14478797491543408,10.514365902723885,10.514365902723885,0.016990540608304128
arruda_boyce,biaxial,2.9393939393939394,2.9393939393939394,17.29346926706033,74.88171520948907,1.0,1.0,8.044404499630355,3.6397762680559387,3.6397762680559387,0.14331818706713825,10.698736303073517,10.698736303073517,0.01658768261410496
arruda_boyce,biaxial,2.95959595959596,2.95959595959596,17.531450265436536,76.95206020231036,1.0,1.0,8.192015377733147,3.678144645094779,3.678144645094779,0.14188338032329798,10.885822030432024,10.885822030432024,0.016198196956850323
arruda_boyce,biaxial,2.97979797979798,2.97979797979798,17.771075898044366,79.06536723273862,1.0,1.0,8.341191440172713,3.716920775975891,3.716920775975891,0.14048269830931615,11.075673019322101,11.075673019322101,0.01582155617500267
arruda_boyce,biaxial,3.0,3.0,18.012345679012345,81.22222222222221,1.0,1.0,8.491949078605883,3.7561135051961907,3.7561135051961907,0.13911531500726632,11.268340515588573,11.268340515588573,0.01545725722302959
